{"position": {"x": 1.0401188854581607, "y": -0.05034396959888705, "z": 0.0}, "orientation": {"x": 0.0, "y": 0.0, "z": -0.023191634844295927, "w": 0.9997310378663098}, "covariance": [1.2284914779669975e-05, 4.7588104484797e-08, 0.0, 0.0, 0.0, 0.0, 4.7588104484797e-08, 8.732073331015316e-06, 0.0, 0.0, 0.0, 0.0, 0.0, 0.0, 0.0, 0.0, 0.0, 0.0, 0.0, 0.0, 0.0, 0.0, 0.0, 0.0, 0.0, 0.0, 0.0, 0.0, 0.0, 0.0, 0.0, 0.0, 0.0, 0.0, 0.0, 2.3351396671203135e-05]}